,batch,cluster_number,size
0,0,0,13
1,0,1,6
2,1,0,6
3,1,1,19
4,1,2,21
5,2,0,13
6,2,1,52
7,3,0,56
8,3,1,31
9,4,0,62
10,4,1,42
11,5,0,20
12,5,1,110
13,6,0,65
14,6,1,97
15,7,0,81
16,7,1,34
17,7,2,73
18,8,0,140
19,8,1,68
20,9,0,63
21,9,1,55
22,9,2,109
23,10,0,140
24,10,1,116
25,11,0,144
26,11,1,132
27,12,0,115
28,12,1,177
29,13,0,215
30,13,1,93
31,14,0,156
32,14,1,177
33,15,0,67
34,15,1,294
35,16,0,237
36,16,1,144
37,17,0,245
38,17,1,149
39,18,0,32
40,18,1,182
41,18,2,196
42,19,0,200
43,19,1,235
44,20,0,191
45,20,1,263
46,21,0,198
47,21,1,274
48,22,0,405
49,22,1,77
50,23,0,66
51,23,1,238
52,23,2,205
53,24,0,317
54,24,1,208
55,25,0,219
56,25,1,324
57,26,0,5
58,26,1,560
59,27,0,458
60,27,1,128
61,28,0,95
62,28,1,291
63,28,2,196
64,28,3,27
65,29,0,105
66,29,1,327
67,29,2,195
68,30,0,42
69,30,1,271
70,30,2,330
71,31,0,438
72,31,1,221
73,32,0,184
74,32,1,493
75,33,0,18
76,33,1,680
77,34,0,11
78,34,1,318
79,34,2,395
80,35,0,279
81,35,1,461
82,36,0,331
83,36,1,433
84,37,0,376
85,37,1,324
86,37,2,77
87,37,3,10
88,38,0,440
89,38,1,374
90,39,0,153
91,39,1,167
92,39,2,521
93,40,0,534
94,40,1,328
95,41,0,575
96,41,1,267
97,41,2,38
98,42,0,229
99,42,1,671
100,43,0,852
101,43,1,60
102,44,0,629
103,44,1,304
104,45,0,709
105,45,1,247
106,46,0,115
107,46,1,699
108,46,2,159
109,47,0,63
110,47,1,402
111,47,2,525
112,48,0,231
113,48,1,769
114,49,0,92
115,49,1,908
116,50,0,433
117,50,1,206
118,50,2,361
119,51,0,706
120,51,1,294
121,52,0,397
122,52,1,603
123,53,0,147
124,53,1,190
125,53,2,663
126,54,0,273
127,54,1,727
128,55,0,546
129,55,1,454
130,56,0,336
131,56,1,664
132,57,0,750
133,57,1,250
134,58,0,549
135,58,1,451
136,59,0,325
137,59,1,675
138,60,0,21
139,60,1,770
140,60,2,209
141,61,0,757
142,61,1,243
143,62,0,600
144,62,1,400
145,63,0,141
146,63,1,530
147,63,2,329
148,64,0,446
149,64,1,255
150,64,2,299
151,65,0,92
152,65,1,908
153,66,0,194
154,66,1,806
155,67,0,650
156,67,1,218
157,67,2,132
158,68,0,37
159,68,1,542
160,68,2,421
161,69,0,345
162,69,1,655
163,70,0,128
164,70,1,523
165,70,2,349
166,71,0,503
167,71,1,497
168,72,0,723
169,72,1,277
170,73,0,318
171,73,1,555
172,73,2,52
173,73,3,20
174,73,4,55
175,74,0,367
176,74,1,633
177,75,0,25
178,75,1,975
179,76,0,68
180,76,1,932
181,77,0,670
182,77,1,330
183,78,0,503
184,78,1,36
185,78,2,461
186,79,0,17
187,79,1,115
188,79,2,33
189,79,3,344
190,79,4,491
191,80,0,97
192,80,1,34
193,80,2,869
194,81,0,273
195,81,1,727
196,82,0,963
197,82,1,37
198,83,0,35
199,83,1,646
200,83,2,319
201,84,0,651
202,84,1,349
203,85,0,735
204,85,1,265
205,86,0,124
206,86,1,876
207,87,0,47
208,87,1,490
209,87,2,463
210,88,0,31
211,88,1,716
212,88,2,58
213,88,3,195
214,89,0,509
215,89,1,121
216,89,2,23
217,89,3,96
218,89,4,251
219,90,0,23
220,90,1,36
221,90,2,44
222,90,3,897
223,91,0,169
224,91,1,67
225,91,2,764
226,92,0,199
227,92,1,770
228,92,2,31
229,93,0,40
230,93,1,692
231,93,2,268
232,94,0,38
233,94,1,172
234,94,2,41
235,94,3,749
236,95,0,286
237,95,1,44
238,95,2,26
239,95,3,644
240,96,0,24
241,96,1,117
242,96,2,115
243,96,3,49
244,96,4,36
245,96,5,633
246,96,6,26
247,97,0,946
248,97,1,54
249,98,0,31
250,98,1,969
251,99,0,24
252,99,1,54
253,99,2,922
254,100,0,55
255,100,1,945
256,101,0,75
257,101,1,482
258,101,2,443
259,102,0,42
260,102,1,468
261,102,2,490
262,103,0,463
263,103,1,537
264,104,0,77
265,104,1,896
266,104,2,27
267,105,0,756
268,105,1,100
269,105,2,28
270,105,3,116
271,106,0,47
272,106,1,894
273,106,2,59
274,107,0,691
275,107,1,309
276,108,0,377
277,108,1,24
278,108,2,41
279,108,3,54
280,108,4,504
281,109,0,874
282,109,1,126
283,110,0,924
284,110,1,76
285,111,0,251
286,111,1,66
287,111,2,683
288,112,0,945
289,112,1,55
290,113,0,86
291,113,1,67
292,113,2,847
293,114,0,369
294,114,1,511
295,114,2,120
296,115,0,72
297,115,1,83
298,115,2,211
299,115,3,537
300,115,4,97
301,116,0,645
302,116,1,76
303,116,2,59
304,116,3,220
305,117,0,12
306,117,1,360
307,117,2,72
308,117,3,556
309,118,0,730
310,118,1,73
311,118,2,145
312,118,3,52
313,119,0,916
314,119,1,84
315,120,0,93
316,120,1,469
317,120,2,72
318,120,3,366
319,121,0,676
320,121,1,124
321,121,2,200
322,122,0,193
323,122,1,72
324,122,2,688
325,122,3,47
326,123,0,116
327,123,1,335
328,123,2,72
329,123,3,477
330,124,0,48
331,124,1,92
332,124,2,439
333,124,3,404
334,124,4,17
335,125,0,340
336,125,1,67
337,125,2,593
338,126,0,777
339,126,1,223
340,127,0,63
341,127,1,937
342,128,0,60
343,128,1,940
344,129,0,60
345,129,1,746
346,129,2,194
347,130,0,55
348,130,1,945
349,131,0,777
350,131,1,64
351,131,2,159
352,132,0,946
353,132,1,54
354,133,0,146
355,133,1,854
356,134,0,914
357,134,1,86
358,135,0,903
359,135,1,40
360,135,2,57
361,136,0,619
362,136,1,381
363,137,0,8
364,137,1,958
365,137,2,34
366,138,0,36
367,138,1,964
368,139,0,76
369,139,1,854
370,139,2,34
371,139,3,36
372,140,0,36
373,140,1,614
374,140,2,316
375,140,3,34
376,141,0,34
377,141,1,890
378,141,2,17
379,141,3,59
380,142,0,566
381,142,1,396
382,142,2,38
383,143,0,662
384,143,1,338
385,144,0,215
386,144,1,749
387,144,2,36
388,145,0,34
389,145,1,163
390,145,2,803
391,146,0,110
392,146,1,890
393,147,0,39
394,147,1,733
395,147,2,228
396,148,0,961
397,148,1,39
398,149,0,34
399,149,1,594
400,149,2,372
401,150,0,365
402,150,1,265
403,150,2,34
404,150,3,241
405,150,4,95
406,151,0,355
407,151,1,37
408,151,2,608
409,152,0,156
410,152,1,184
411,152,2,65
412,152,3,34
413,152,4,561
414,153,0,962
415,153,1,38
416,154,0,86
417,154,1,914
418,155,0,34
419,155,1,452
420,155,2,341
421,155,3,173
422,156,0,629
423,156,1,76
424,156,2,224
425,156,3,71
426,157,0,230
427,157,1,35
428,157,2,494
429,157,3,195
430,157,4,46
431,158,0,119
432,158,1,36
433,158,2,49
434,158,3,65
435,158,4,39
436,158,5,686
437,158,6,6
438,159,0,953
439,159,1,47
440,160,0,500
441,160,1,147
442,160,2,128
443,160,3,174
444,160,4,51
445,161,0,34
446,161,1,966
447,162,0,194
448,162,1,708
449,162,2,98
450,163,0,24
451,163,1,34
452,163,2,74
453,163,3,572
454,163,4,296
455,164,0,966
456,164,1,34
457,165,0,951
458,165,1,49
459,166,0,15
460,166,1,443
461,166,2,31
462,166,3,476
463,166,4,35
464,167,0,722
465,167,1,222
466,167,2,56
467,168,0,430
468,168,1,570
469,169,0,383
470,169,1,44
471,169,2,36
472,169,3,537
473,170,0,51
474,170,1,949
475,171,0,56
476,171,1,944
477,172,0,417
478,172,1,34
479,172,2,549
480,173,0,191
481,173,1,57
482,173,2,752
483,174,0,140
484,174,1,41
485,174,2,34
486,174,3,643
487,174,4,142
488,175,0,921
489,175,1,79
490,176,0,80
491,176,1,739
492,176,2,125
493,176,3,56
494,177,0,30
495,177,1,183
496,177,2,787
497,178,0,30
498,178,1,920
499,178,2,50
500,179,0,77
501,179,1,923
502,180,0,31
503,180,1,278
504,180,2,691
505,181,0,130
506,181,1,870
507,182,0,952
508,182,1,48
509,183,0,33
510,183,1,900
511,183,2,67
512,184,0,34
513,184,1,966
514,185,0,12
515,185,1,804
516,185,2,139
517,185,3,45
518,186,0,934
519,186,1,66
520,187,0,330
521,187,1,529
522,187,2,51
523,187,3,90
524,188,0,888
525,188,1,112
526,189,0,38
527,189,1,578
528,189,2,384
529,190,0,21
530,190,1,979
531,191,0,36
532,191,1,422
533,191,2,542
534,192,0,55
535,192,1,140
536,192,2,764
537,192,3,41
538,193,0,40
539,193,1,960
540,194,0,572
541,194,1,380
542,194,2,48
543,195,0,64
544,195,1,276
545,195,2,611
546,195,3,49
547,196,0,544
548,196,1,456
549,197,0,393
550,197,1,32
551,197,2,575
552,198,0,352
553,198,1,648
554,199,0,382
555,199,1,142
556,199,2,436
557,199,3,40
558,200,0,456
559,200,1,425
560,200,2,119
561,201,0,479
562,201,1,521
563,202,0,666
564,202,1,334
565,203,0,639
566,203,1,361
567,204,0,59
568,204,1,941
569,205,0,16
570,205,1,651
571,205,2,308
572,205,3,25
573,206,0,10
574,206,1,49
575,206,2,97
576,206,3,803
577,206,4,41
578,207,0,671
579,207,1,329
580,208,0,175
581,208,1,473
582,208,2,41
583,208,3,8
584,208,4,303
585,209,0,178
586,209,1,822
587,210,0,170
588,210,1,789
589,210,2,41
590,211,0,255
591,211,1,745
592,212,0,76
593,212,1,684
594,212,2,240
595,213,0,25
596,213,1,141
597,213,2,738
598,213,3,96
599,214,0,190
600,214,1,810
601,215,0,241
602,215,1,759
603,216,0,687
604,216,1,313
605,217,0,577
606,217,1,423
607,218,0,702
608,218,1,298
609,219,0,650
610,219,1,350
611,220,0,69
612,220,1,897
613,220,2,20
614,220,3,14
615,221,0,149
616,221,1,851
617,222,0,681
618,222,1,319
619,223,0,21
620,223,1,979
621,224,0,30
622,224,1,208
623,224,2,452
624,224,3,310
625,225,0,507
626,225,1,388
627,225,2,105
628,226,0,251
629,226,1,428
630,226,2,321
631,227,0,548
632,227,1,227
633,227,2,185
634,227,3,40
635,228,0,436
636,228,1,564
637,229,0,649
638,229,1,351
639,230,0,602
640,230,1,398
641,231,0,68
642,231,1,932
643,232,0,633
644,232,1,367
645,233,0,156
646,233,1,844
647,234,0,346
648,234,1,654
649,235,0,199
650,235,1,801
651,236,0,208
652,236,1,792
653,237,0,326
654,237,1,579
655,237,2,95
656,238,0,143
657,238,1,857
658,239,0,118
659,239,1,882
660,240,0,167
661,240,1,833
662,241,0,441
663,241,1,559
664,242,0,124
665,242,1,876
666,243,0,164
667,243,1,690
668,243,2,146
669,244,0,202
670,244,1,798
671,245,0,519
672,245,1,481
673,246,0,328
674,246,1,13
675,246,2,659
676,247,0,407
677,247,1,426
678,247,2,167
679,248,0,725
680,248,1,275
681,249,0,490
682,249,1,510
683,250,0,237
684,250,1,763
685,251,0,15
686,251,1,507
687,251,2,478
688,252,0,16
689,252,1,169
690,252,2,815
691,253,0,265
692,253,1,735
693,254,0,216
694,254,1,499
695,254,2,285
696,255,0,177
697,255,1,823
698,256,0,740
699,256,1,260
700,257,0,797
701,257,1,19
702,257,2,184
703,258,0,187
704,258,1,813
705,259,0,75
706,259,1,925
707,260,0,731
708,260,1,269
709,261,0,76
710,261,1,901
711,261,2,23
712,262,0,323
713,262,1,619
714,262,2,58
715,263,0,641
716,263,1,359
717,264,0,600
718,264,1,294
719,264,2,82
720,264,3,24
721,265,0,32
722,265,1,24
723,265,2,146
724,265,3,113
725,265,4,685
726,266,0,144
727,266,1,856
728,267,0,26
729,267,1,159
730,267,2,23
731,267,3,44
732,267,4,577
733,267,5,171
734,268,0,363
735,268,1,637
736,269,0,710
737,269,1,290
738,270,0,363
739,270,1,612
740,270,2,25
741,271,0,25
742,271,1,489
743,271,2,486
744,272,0,332
745,272,1,549
746,272,2,93
747,272,3,26
748,273,0,56
749,273,1,27
750,273,2,917
751,274,0,28
752,274,1,709
753,274,2,78
754,274,3,185
755,275,0,331
756,275,1,641
757,275,2,28
758,276,0,29
759,276,1,38
760,276,2,28
761,276,3,883
762,276,4,22
763,277,0,30
764,277,1,970
765,278,0,29
766,278,1,79
767,278,2,892
768,279,0,30
769,279,1,825
770,279,2,145
771,280,0,29
772,280,1,135
773,280,2,836
774,281,0,215
775,281,1,29
776,281,2,32
777,281,3,77
778,281,4,647
779,282,0,274
780,282,1,697
781,282,2,29
782,283,0,847
783,283,1,153
784,284,0,131
785,284,1,869
786,285,0,107
787,285,1,864
788,285,2,29
789,286,0,886
790,286,1,114
791,287,0,22
792,287,1,285
793,287,2,30
794,287,3,45
795,287,4,618
796,288,0,968
797,288,1,32
798,289,0,925
799,289,1,44
800,289,2,31
801,290,0,460
802,290,1,540
803,291,0,31
804,291,1,370
805,291,2,76
806,291,3,38
807,291,4,485
808,292,0,576
809,292,1,76
810,292,2,31
811,292,3,317
812,293,0,31
813,293,1,969
814,294,0,31
815,294,1,969
816,295,0,25
817,295,1,298
818,295,2,39
819,295,3,83
820,295,4,468
821,295,5,55
822,295,6,32
823,296,0,308
824,296,1,660
825,296,2,32
826,297,0,35
827,297,1,807
828,297,2,158
829,298,0,32
830,298,1,618
831,298,2,350
832,299,0,640
833,299,1,360
834,300,0,119
835,300,1,848
836,300,2,33
837,301,0,298
838,301,1,33
839,301,2,669
840,302,0,44
841,302,1,34
842,302,2,734
843,302,3,147
844,302,4,30
845,302,5,11
846,303,0,10
847,303,1,592
848,303,2,298
849,303,3,66
850,303,4,34
851,304,0,64
852,304,1,35
853,304,2,368
854,304,3,533
855,305,0,36
856,305,1,964
857,306,0,188
858,306,1,776
859,306,2,36
860,307,0,37
861,307,1,963
862,308,0,513
863,308,1,37
864,308,2,450
865,309,0,37
866,309,1,216
867,309,2,735
868,309,3,12
869,310,0,37
870,310,1,963
871,311,0,38
872,311,1,962
873,312,0,38
874,312,1,962
875,313,0,40
876,313,1,960
877,314,0,101
878,314,1,39
879,314,2,462
880,314,3,398
881,315,0,952
882,315,1,48
883,316,0,39
884,316,1,30
885,316,2,931
886,317,0,137
887,317,1,40
888,317,2,269
889,317,3,273
890,317,4,281
891,318,0,485
892,318,1,241
893,318,2,40
894,318,3,234
895,319,0,165
896,319,1,662
897,319,2,135
898,319,3,38
899,320,0,38
900,320,1,207
901,320,2,755
902,321,0,41
903,321,1,111
904,321,2,261
905,321,3,587
906,322,0,168
907,322,1,199
908,322,2,39
909,322,3,276
910,322,4,318
911,323,0,962
912,323,1,38
913,324,0,12
914,324,1,38
915,324,2,950
916,325,0,37
917,325,1,963
918,326,0,37
919,326,1,39
920,326,2,321
921,326,3,603
922,327,0,345
923,327,1,266
924,327,2,159
925,327,3,192
926,327,4,38
927,328,0,245
928,328,1,755
929,329,0,39
930,329,1,961
931,330,0,39
932,330,1,254
933,330,2,354
934,330,3,353
935,331,0,39
936,331,1,961
937,332,0,352
938,332,1,285
939,332,2,325
940,332,3,38
941,333,0,37
942,333,1,341
943,333,2,105
944,333,3,517
945,334,0,609
946,334,1,38
947,334,2,82
948,334,3,271
949,335,0,154
950,335,1,367
951,335,2,415
952,335,3,39
953,335,4,25
954,336,0,76
955,336,1,480
956,336,2,17
957,336,3,38
958,336,4,290
959,336,5,99
960,337,0,329
961,337,1,671
962,338,0,691
963,338,1,309
964,339,0,959
965,339,1,41
966,340,0,38
967,340,1,662
968,340,2,300
969,341,0,513
970,341,1,426
971,341,2,38
972,341,3,23
973,342,0,558
974,342,1,38
975,342,2,404
976,343,0,39
977,343,1,961
978,344,0,39
979,344,1,504
980,344,2,457
981,345,0,38
982,345,1,962
983,346,0,959
984,346,1,41
985,347,0,47
986,347,1,594
987,347,2,39
988,347,3,320
989,348,0,960
990,348,1,40
991,349,0,26
992,349,1,39
993,349,2,291
994,349,3,115
995,349,4,21
996,349,5,508
997,350,0,207
998,350,1,721
999,350,2,38
1000,350,3,34
1001,351,0,46
1002,351,1,954
1003,352,0,68
1004,352,1,120
1005,352,2,36
1006,352,3,520
1007,352,4,50
1008,352,5,206
1009,353,0,804
1010,353,1,37
1011,353,2,159
1012,354,0,714
1013,354,1,37
1014,354,2,249
1015,355,0,727
1016,355,1,273
1017,356,0,39
1018,356,1,961
1019,357,0,52
1020,357,1,948
1021,358,0,52
1022,358,1,874
1023,358,2,74
1024,359,0,947
1025,359,1,53
1026,360,0,38
1027,360,1,962
1028,361,0,34
1029,361,1,39
1030,361,2,826
1031,361,3,101
1032,362,0,613
1033,362,1,145
1034,362,2,93
1035,362,3,38
1036,362,4,47
1037,362,5,64
1038,363,0,6
1039,363,1,99
1040,363,2,671
1041,363,3,28
1042,363,4,38
1043,363,5,158
1044,364,0,962
1045,364,1,38
1046,365,0,38
1047,365,1,388
1048,365,2,574
1049,366,0,39
1050,366,1,393
1051,366,2,568
1052,367,0,575
1053,367,1,39
1054,367,2,386
1055,368,0,960
1056,368,1,40
1057,369,0,89
1058,369,1,40
1059,369,2,356
1060,369,3,515
1061,370,0,40
1062,370,1,960
1063,371,0,40
1064,371,1,881
1065,371,2,79
1066,372,0,262
1067,372,1,39
1068,372,2,442
1069,372,3,257
1070,373,0,960
1071,373,1,40
1072,374,0,960
1073,374,1,40
1074,375,0,656
1075,375,1,39
1076,375,2,187
1077,375,3,26
1078,375,4,38
1079,375,5,54
1080,376,0,960
1081,376,1,40
1082,377,0,816
1083,377,1,40
1084,377,2,84
1085,377,3,60
1086,378,0,961
1087,378,1,39
1088,379,0,55
1089,379,1,945
1090,380,0,85
1091,380,1,39
1092,380,2,737
1093,380,3,139
1094,381,0,46
1095,381,1,39
1096,381,2,133
1097,381,3,782
1098,382,0,39
1099,382,1,804
1100,382,2,157
1101,383,0,20
1102,383,1,39
1103,383,2,795
1104,383,3,33
1105,383,4,86
1106,383,5,27
1107,384,0,102
1108,384,1,39
1109,384,2,859
1110,385,0,39
1111,385,1,490
1112,385,2,471
1113,386,0,113
1114,386,1,887
1115,387,0,188
1116,387,1,56
1117,387,2,719
1118,387,3,37
1119,388,0,73
1120,388,1,38
1121,388,2,75
1122,388,3,653
1123,388,4,161
1124,389,0,961
1125,389,1,39
1126,390,0,37
1127,390,1,349
1128,390,2,614
1129,391,0,36
1130,391,1,46
1131,391,2,918
1132,392,0,668
1133,392,1,87
1134,392,2,16
1135,392,3,36
1136,392,4,185
1137,392,5,8
1138,393,0,503
1139,393,1,497
1140,394,0,391
1141,394,1,62
1142,394,2,547
1143,395,0,961
1144,395,1,39
1145,396,0,82
1146,396,1,39
1147,396,2,96
1148,396,3,40
1149,396,4,723
1150,396,5,20
1151,397,0,263
1152,397,1,38
1153,397,2,699
1154,398,0,53
1155,398,1,861
1156,398,2,47
1157,398,3,39
1158,399,0,98
1159,399,1,38
1160,399,2,92
1161,399,3,30
1162,399,4,321
1163,399,5,421
1164,400,0,37
1165,400,1,76
1166,400,2,397
1167,400,3,182
1168,400,4,308
1169,401,0,37
1170,401,1,537
1171,401,2,426
1172,402,0,36
1173,402,1,964
1174,403,0,55
1175,403,1,35
1176,403,2,28
1177,403,3,597
1178,403,4,29
1179,403,5,52
1180,403,6,204
1181,404,0,33
1182,404,1,167
1183,404,2,433
1184,404,3,325
1185,404,4,42
1186,405,0,46
1187,405,1,954
1188,406,0,939
1189,406,1,61
1190,407,0,30
1191,407,1,318
1192,407,2,652
1193,408,0,523
1194,408,1,29
1195,408,2,448
1196,409,0,56
1197,409,1,62
1198,409,2,882
1199,410,0,27
1200,410,1,93
1201,410,2,137
1202,410,3,743
1203,411,0,448
1204,411,1,98
1205,411,2,428
1206,411,3,26
1207,412,0,38
1208,412,1,772
1209,412,2,85
1210,412,3,105
1211,413,0,89
1212,413,1,246
1213,413,2,25
1214,413,3,640
1215,414,0,72
1216,414,1,821
1217,414,2,24
1218,414,3,83
1219,415,0,51
1220,415,1,286
1221,415,2,21
1222,415,3,23
1223,415,4,502
1224,415,5,117
1225,416,0,22
1226,416,1,296
1227,416,2,682
1228,417,0,222
1229,417,1,757
1230,417,2,21
1231,418,0,44
1232,418,1,956
1233,419,0,106
1234,419,1,385
1235,419,2,39
1236,419,3,20
1237,419,4,450
1238,420,0,19
1239,420,1,981
1240,421,0,72
1241,421,1,789
1242,421,2,139
1243,422,0,127
1244,422,1,429
1245,422,2,444
1246,423,0,427
1247,423,1,556
1248,423,2,17
1249,424,0,151
1250,424,1,849
1251,425,0,142
1252,425,1,858
1253,426,0,202
1254,426,1,35
1255,426,2,135
1256,426,3,628
1257,427,0,56
1258,427,1,944
1259,428,0,735
1260,428,1,265
1261,429,0,127
1262,429,1,758
1263,429,2,115
1264,430,0,890
1265,430,1,110
1266,431,0,46
1267,431,1,880
1268,431,2,74
1269,432,0,223
1270,432,1,777
1271,433,0,573
1272,433,1,427
1273,434,0,863
1274,434,1,137
1275,435,0,35
1276,435,1,453
1277,435,2,512
1278,436,0,900
1279,436,1,100
1280,437,0,61
1281,437,1,639
1282,437,2,61
1283,437,3,239
1284,438,0,695
1285,438,1,305
1286,439,0,546
1287,439,1,454
1288,440,0,477
1289,440,1,523
1290,441,0,864
1291,441,1,136
1292,442,0,295
1293,442,1,705
1294,443,0,577
1295,443,1,423
1296,444,0,338
1297,444,1,264
1298,444,2,398
1299,445,0,57
1300,445,1,824
1301,445,2,119
1302,446,0,954
1303,446,1,46
1304,447,0,884
1305,447,1,116
1306,448,0,573
1307,448,1,427
1308,449,0,42
1309,449,1,539
1310,449,2,101
1311,449,3,44
1312,449,4,117
1313,449,5,157
1314,450,0,498
1315,450,1,325
1316,450,2,177
1317,451,0,89
1318,451,1,911
1319,452,0,43
1320,452,1,293
1321,452,2,664
1322,453,0,837
1323,453,1,163
1324,454,0,61
1325,454,1,939
1326,455,0,116
1327,455,1,884
1328,456,0,580
1329,456,1,420
1330,457,0,417
1331,457,1,583
1332,458,0,759
1333,458,1,241
1334,459,0,607
1335,459,1,393
1336,460,0,182
1337,460,1,45
1338,460,2,773
1339,461,0,450
1340,461,1,550
1341,462,0,639
1342,462,1,361
1343,463,0,606
1344,463,1,394
1345,464,0,77
1346,464,1,923
1347,465,0,521
1348,465,1,479
1349,466,0,59
1350,466,1,23
1351,466,2,49
1352,466,3,619
1353,466,4,250
1354,467,0,113
1355,467,1,887
1356,468,0,173
1357,468,1,827
1358,469,0,393
1359,469,1,465
1360,469,2,142
1361,470,0,61
1362,470,1,939
1363,471,0,728
1364,471,1,272
1365,472,0,729
1366,472,1,271
1367,473,0,718
1368,473,1,282
1369,474,0,668
1370,474,1,75
1371,474,2,257
1372,475,0,245
1373,475,1,557
1374,475,2,198
1375,476,0,225
1376,476,1,52
1377,476,2,723
1378,477,0,375
1379,477,1,625
1380,478,0,780
1381,478,1,220
1382,479,0,375
1383,479,1,625
1384,480,0,51
1385,480,1,643
1386,480,2,107
1387,480,3,199
1388,481,0,64
1389,481,1,936
1390,482,0,492
1391,482,1,508
1392,483,0,468
1393,483,1,532
1394,484,0,547
1395,484,1,453
1396,485,0,613
1397,485,1,387
1398,486,0,565
1399,486,1,435
1400,487,0,236
1401,487,1,537
1402,487,2,227
1403,488,0,89
1404,488,1,847
1405,488,2,64
1406,489,0,229
1407,489,1,418
1408,489,2,220
1409,489,3,133
1410,490,0,154
1411,490,1,846
1412,491,0,198
1413,491,1,802
1414,492,0,156
1415,492,1,586
1416,492,2,258
1417,493,0,80
1418,493,1,612
1419,493,2,308
1420,494,0,679
1421,494,1,321
1422,495,0,108
1423,495,1,653
1424,495,2,239
1425,496,0,55
1426,496,1,405
1427,496,2,521
1428,496,3,19
1429,497,0,19
1430,497,1,61
1431,497,2,34
1432,497,3,549
1433,497,4,70
1434,497,5,267
1435,498,0,759
1436,498,1,241
1437,499,0,621
1438,499,1,379
1439,500,0,84
1440,500,1,159
1441,500,2,757
1442,501,0,20
1443,501,1,134
1444,501,2,846
1445,502,0,112
1446,502,1,888
1447,503,0,259
1448,503,1,741
1449,504,0,480
1450,504,1,520
1451,505,0,19
1452,505,1,293
1453,505,2,688
1454,506,0,24
1455,506,1,414
1456,506,2,562
1457,507,0,391
1458,507,1,609
1459,508,0,375
1460,508,1,625
1461,509,0,284
1462,509,1,38
1463,509,2,678
1464,510,0,492
1465,510,1,508
1466,511,0,230
1467,511,1,770
1468,512,0,198
1469,512,1,802
1470,513,0,103
1471,513,1,622
1472,513,2,275
1473,514,0,103
1474,514,1,520
1475,514,2,377
1476,515,0,469
1477,515,1,531
1478,516,0,234
1479,516,1,766
1480,517,0,259
1481,517,1,370
1482,517,2,371
1483,518,0,193
1484,518,1,372
1485,518,2,415
1486,518,3,20
1487,519,0,231
1488,519,1,769
1489,520,0,673
1490,520,1,327
1491,521,0,117
1492,521,1,494
1493,521,2,389
1494,522,0,329
1495,522,1,671
1496,523,0,144
1497,523,1,144
1498,523,2,646
1499,523,3,66
1500,524,0,455
1501,524,1,545
1502,525,0,648
1503,525,1,352
1504,526,0,503
1505,526,1,497
1506,527,0,143
1507,527,1,857
1508,528,0,131
1509,528,1,81
1510,528,2,378
1511,528,3,410
1512,529,0,565
1513,529,1,435
1514,530,0,299
1515,530,1,701
1516,531,0,405
1517,531,1,595
1518,532,0,683
1519,532,1,317
1520,533,0,536
1521,533,1,464
1522,534,0,165
1523,534,1,835
1524,535,0,295
1525,535,1,215
1526,535,2,490
1527,536,0,621
1528,536,1,379
1529,537,0,333
1530,537,1,667
1531,538,0,756
1532,538,1,244
1533,539,0,62
1534,539,1,507
1535,539,2,431
1536,540,0,232
1537,540,1,768
1538,541,0,378
1539,541,1,622
1540,542,0,708
1541,542,1,292
1542,543,0,52
1543,543,1,503
1544,543,2,445
1545,544,0,722
1546,544,1,278
1547,545,0,646
1548,545,1,336
1549,545,2,18
1550,546,0,25
1551,546,1,975
1552,547,0,709
1553,547,1,291
1554,548,0,208
1555,548,1,672
1556,548,2,120
1557,549,0,123
1558,549,1,183
1559,549,2,694
1560,550,0,257
1561,550,1,743
1562,551,0,84
1563,551,1,916
1564,552,0,272
1565,552,1,648
1566,552,2,80
1567,553,0,641
1568,553,1,359
1569,554,0,675
1570,554,1,325
1571,555,0,524
1572,555,1,476
1573,556,0,671
1574,556,1,329
1575,557,0,602
1576,557,1,398
1577,558,0,483
1578,558,1,517
1579,559,0,639
1580,559,1,361
1581,560,0,626
1582,560,1,314
1583,560,2,60
1584,561,0,532
1585,561,1,468
1586,562,0,91
1587,562,1,909
1588,563,0,536
1589,563,1,464
1590,564,0,3
1591,564,1,38
1592,564,2,959
1593,565,0,555
1594,565,1,445
1595,566,0,72
1596,566,1,928
1597,567,0,493
1598,567,1,507
1599,568,0,467
1600,568,1,533
1601,569,0,441
1602,569,1,559
1603,570,0,77
1604,570,1,923
1605,571,0,14
1606,571,1,41
1607,571,2,728
1608,571,3,217
1609,572,0,59
1610,572,1,941
1611,573,0,576
1612,573,1,424
1613,574,0,570
1614,574,1,430
1615,575,0,45
1616,575,1,603
1617,575,2,352
1618,576,0,641
1619,576,1,170
1620,576,2,189
1621,577,0,55
1622,577,1,729
1623,577,2,216
1624,578,0,929
1625,578,1,71
1626,579,0,555
1627,579,1,179
1628,579,2,266
1629,580,0,572
1630,580,1,428
1631,581,0,300
1632,581,1,700
1633,582,0,887
1634,582,1,113
1635,583,0,802
1636,583,1,198
1637,584,0,524
1638,584,1,476
1639,585,0,60
1640,585,1,940
1641,586,0,353
1642,586,1,39
1643,586,2,608
1644,587,0,19
1645,587,1,263
1646,587,2,718
1647,588,0,697
1648,588,1,303
1649,589,0,326
1650,589,1,674
1651,590,0,302
1652,590,1,698
1653,591,0,102
1654,591,1,668
1655,591,2,230
1656,592,0,529
1657,592,1,471
1658,593,0,741
1659,593,1,259
1660,594,0,517
1661,594,1,483
1662,595,0,396
1663,595,1,604
1664,596,0,533
1665,596,1,18
1666,596,2,82
1667,596,3,367
1668,597,0,570
1669,597,1,430
1670,598,0,641
1671,598,1,359
1672,599,0,208
1673,599,1,792
1674,600,0,45
1675,600,1,790
1676,600,2,165
1677,601,0,139
1678,601,1,861
1679,602,0,165
1680,602,1,741
1681,602,2,94
1682,603,0,240
1683,603,1,88
1684,603,2,646
1685,603,3,26
1686,604,0,63
1687,604,1,33
1688,604,2,165
1689,604,3,730
1690,604,4,9
1691,605,0,416
1692,605,1,23
1693,605,2,561
1694,606,0,23
1695,606,1,561
1696,606,2,416
1697,607,0,564
1698,607,1,273
1699,607,2,22
1700,607,3,141
1701,608,0,284
1702,608,1,716
1703,609,0,359
1704,609,1,158
1705,609,2,483
1706,610,0,29
1707,610,1,971
1708,611,0,47
1709,611,1,92
1710,611,2,303
1711,611,3,505
1712,611,4,53
1713,612,0,184
1714,612,1,453
1715,612,2,363
1716,613,0,326
1717,613,1,674
1718,614,0,26
1719,614,1,412
1720,614,2,562
1721,615,0,328
1722,615,1,672
1723,616,0,925
1724,616,1,75
1725,617,0,390
1726,617,1,610
1727,618,0,871
1728,618,1,129
1729,619,0,93
1730,619,1,907
1731,620,0,35
1732,620,1,452
1733,620,2,82
1734,620,3,431
1735,621,0,479
1736,621,1,521
1737,622,0,683
1738,622,1,317
1739,623,0,127
1740,623,1,873
1741,624,0,248
1742,624,1,752
1743,625,0,431
1744,625,1,569
1745,626,0,927
1746,626,1,73
1747,627,0,512
1748,627,1,24
1749,627,2,464
1750,628,0,68
1751,628,1,932
1752,629,0,141
1753,629,1,859
1754,630,0,136
1755,630,1,864
1756,631,0,572
1757,631,1,428
1758,632,0,51
1759,632,1,949
1760,633,0,22
1761,633,1,886
1762,633,2,73
1763,633,3,19
1764,634,0,73
1765,634,1,927
1766,635,0,837
1767,635,1,23
1768,635,2,73
1769,635,3,67
1770,636,0,15
1771,636,1,71
1772,636,2,258
1773,636,3,4
1774,636,4,28
1775,636,5,493
1776,636,6,39
1777,636,7,15
1778,636,8,77
1779,637,0,71
1780,637,1,132
1781,637,2,300
1782,637,3,24
1783,637,4,401
1784,637,5,31
1785,637,6,41
1786,638,0,455
1787,638,1,111
1788,638,2,363
1789,638,3,71
1790,639,0,416
1791,639,1,71
1792,639,2,23
1793,639,3,490
1794,640,0,22
1795,640,1,2
1796,640,2,71
1797,640,3,96
1798,640,4,22
1799,640,5,787
1800,641,0,82
1801,641,1,918
1802,642,0,41
1803,642,1,669
1804,642,2,18
1805,642,3,38
1806,642,4,83
1807,642,5,129
1808,642,6,22
1809,643,0,71
1810,643,1,929
1811,644,0,20
1812,644,1,504
1813,644,2,317
1814,644,3,88
1815,644,4,71
1816,645,0,71
1817,645,1,321
1818,645,2,84
1819,645,3,512
1820,645,4,12
1821,646,0,71
1822,646,1,929
1823,647,0,927
1824,647,1,73
1825,648,0,72
1826,648,1,928
1827,649,0,510
1828,649,1,268
1829,649,2,151
1830,649,3,71
1831,650,0,909
1832,650,1,91
1833,651,0,900
1834,651,1,100
1835,652,0,96
1836,652,1,904
1837,653,0,161
1838,653,1,839
1839,654,0,895
1840,654,1,105
1841,655,0,800
1842,655,1,78
1843,655,2,122
1844,656,0,724
1845,656,1,33
1846,656,2,71
1847,656,3,10
1848,656,4,162
1849,657,0,71
1850,657,1,929
1851,658,0,41
1852,658,1,226
1853,658,2,115
1854,658,3,460
1855,658,4,63
1856,658,5,24
1857,658,6,71
1858,659,0,899
1859,659,1,101
1860,660,0,836
1861,660,1,89
1862,660,2,75
1863,661,0,71
1864,661,1,929
1865,662,0,9
1866,662,1,81
1867,662,2,532
1868,662,3,18
1869,662,4,353
1870,662,5,7
1871,663,0,929
1872,663,1,71
1873,664,0,929
1874,664,1,71
1875,665,0,444
1876,665,1,77
1877,665,2,479
1878,666,0,425
1879,666,1,504
1880,666,2,71
1881,667,0,28
1882,667,1,71
1883,667,2,674
1884,667,3,227
1885,668,0,98
1886,668,1,902
1887,669,0,15
1888,669,1,67
1889,669,2,77
1890,669,3,8
1891,669,4,833
1892,670,0,287
1893,670,1,621
1894,670,2,58
1895,670,3,34
1896,671,0,36
1897,671,1,30
1898,671,2,849
1899,671,3,30
1900,671,4,55
1901,672,0,44
1902,672,1,956
1903,673,0,105
1904,673,1,551
1905,673,2,344
1906,674,0,598
1907,674,1,402
1908,675,0,232
1909,675,1,15
1910,675,2,174
1911,675,3,579
1912,676,0,151
1913,676,1,486
1914,676,2,363
1915,677,0,527
1916,677,1,368
1917,677,2,105
1918,678,0,78
1919,678,1,736
1920,678,2,186
1921,679,0,508
1922,679,1,492
1923,680,0,237
1924,680,1,763
1925,681,0,383
1926,681,1,207
1927,681,2,410
1928,682,0,301
1929,682,1,699
1930,683,0,505
1931,683,1,495
1932,684,0,496
1933,684,1,504
1934,685,0,107
1935,685,1,878
1936,685,2,15
1937,686,0,950
1938,686,1,50
1939,687,0,187
1940,687,1,378
1941,687,2,308
1942,687,3,127
1943,688,0,619
1944,688,1,381
1945,689,0,759
1946,689,1,241
1947,690,0,264
1948,690,1,736
1949,691,0,105
1950,691,1,345
1951,691,2,550
1952,692,0,449
1953,692,1,551
1954,693,0,27
1955,693,1,405
1956,693,2,463
1957,693,3,18
1958,693,4,87
1959,694,0,560
1960,694,1,440
1961,695,0,35
1962,695,1,538
1963,695,2,427
1964,696,0,348
1965,696,1,345
1966,696,2,307
1967,697,0,721
1968,697,1,279
1969,698,0,618
1970,698,1,382
1971,699,0,364
1972,699,1,636
1973,700,0,217
1974,700,1,783
1975,701,0,311
1976,701,1,689
1977,702,0,538
1978,702,1,462
1979,703,0,263
1980,703,1,183
1981,703,2,13
1982,703,3,541
1983,704,0,735
1984,704,1,265
1985,705,0,228
1986,705,1,772
1987,706,0,496
1988,706,1,504
1989,707,0,404
1990,707,1,596
1991,708,0,959
1992,708,1,41
1993,709,0,76
1994,709,1,924
1995,710,0,327
1996,710,1,629
1997,710,2,44
1998,711,0,342
1999,711,1,658
2000,712,0,477
2001,712,1,523
2002,713,0,682
2003,713,1,318
2004,714,0,104
2005,714,1,317
2006,714,2,579
2007,715,0,111
2008,715,1,370
2009,715,2,519
2010,716,0,386
2011,716,1,614
2012,717,0,172
2013,717,1,243
2014,717,2,585
2015,718,0,56
2016,718,1,656
2017,718,2,288
2018,719,0,774
2019,719,1,226
2020,720,0,455
2021,720,1,545
2022,721,0,614
2023,721,1,386
2024,722,0,187
2025,722,1,813
2026,723,0,920
2027,723,1,80
2028,724,0,264
2029,724,1,108
2030,724,2,590
2031,724,3,38
2032,725,0,142
2033,725,1,239
2034,725,2,619
2035,726,0,485
2036,726,1,515
2037,727,0,696
2038,727,1,304
2039,728,0,280
2040,728,1,326
2041,728,2,394
2042,729,0,613
2043,729,1,387
2044,730,0,41
2045,730,1,959
2046,731,0,608
2047,731,1,392
2048,732,0,512
2049,732,1,488
2050,733,0,312
2051,733,1,688
2052,734,0,245
2053,734,1,755
2054,735,0,203
2055,735,1,797
2056,736,0,76
2057,736,1,685
2058,736,2,239
2059,737,0,626
2060,737,1,374
2061,738,0,109
2062,738,1,891
2063,739,0,564
2064,739,1,436
2065,740,0,84
2066,740,1,916
2067,741,0,663
2068,741,1,242
2069,741,2,95
2070,742,0,503
2071,742,1,497
2072,743,0,95
2073,743,1,905
2074,744,0,293
2075,744,1,707
2076,745,0,640
2077,745,1,360
2078,746,0,581
2079,746,1,419
2080,747,0,125
2081,747,1,700
2082,747,2,175
2083,748,0,652
2084,748,1,348
2085,749,0,223
2086,749,1,777
2087,750,0,587
2088,750,1,413
2089,751,0,296
2090,751,1,704
2091,752,0,59
2092,752,1,941
2093,753,0,431
2094,753,1,569
2095,754,0,121
2096,754,1,327
2097,754,2,552
2098,755,0,758
2099,755,1,42
2100,755,2,200
2101,756,0,309
2102,756,1,691
2103,757,0,12
2104,757,1,860
2105,757,2,128
2106,758,0,47
2107,758,1,371
2108,758,2,582
2109,759,0,813
2110,759,1,187
2111,760,0,226
2112,760,1,232
2113,760,2,20
2114,760,3,522
2115,761,0,229
2116,761,1,771
2117,762,0,982
2118,762,1,18
2119,763,0,681
2120,763,1,319
2121,764,0,174
2122,764,1,826
2123,765,0,102
2124,765,1,427
2125,765,2,471
2126,766,0,85
2127,766,1,247
2128,766,2,668
2129,767,0,87
2130,767,1,320
2131,767,2,273
2132,767,3,243
2133,767,4,77
2134,768,0,260
2135,768,1,740
2136,769,0,74
2137,769,1,186
2138,769,2,622
2139,769,3,118
2140,770,0,61
2141,770,1,923
2142,770,2,16
2143,771,0,654
2144,771,1,346
2145,772,0,18
2146,772,1,540
2147,772,2,319
2148,772,3,123
2149,773,0,59
2150,773,1,117
2151,773,2,754
2152,773,3,70
2153,774,0,47
2154,774,1,953
2155,775,0,85
2156,775,1,915
2157,776,0,65
2158,776,1,252
2159,776,2,683
2160,777,0,24
2161,777,1,531
2162,777,2,445
2163,778,0,488
2164,778,1,512
2165,779,0,74
2166,779,1,908
2167,779,2,18
2168,780,0,828
2169,780,1,172
2170,781,0,693
2171,781,1,307
2172,782,0,659
2173,782,1,69
2174,782,2,272
2175,783,0,669
2176,783,1,184
2177,783,2,88
2178,783,3,59
2179,784,0,171
2180,784,1,829
2181,785,0,331
2182,785,1,669
2183,786,0,16
2184,786,1,868
2185,786,2,81
2186,786,3,35
2187,787,0,39
2188,787,1,578
2189,787,2,383
2190,788,0,37
2191,788,1,421
2192,788,2,542
2193,789,0,292
2194,789,1,708
2195,790,0,121
2196,790,1,867
2197,790,2,12
2198,791,0,389
2199,791,1,569
2200,791,2,42
2201,792,0,327
2202,792,1,673
2203,793,0,701
2204,793,1,299
2205,794,0,103
2206,794,1,385
2207,794,2,512
2208,795,0,65
2209,795,1,935
2210,796,0,514
2211,796,1,486
2212,797,0,154
2213,797,1,765
2214,797,2,81
2215,798,0,653
2216,798,1,347
2217,799,0,236
2218,799,1,764
2219,800,0,765
2220,800,1,235
2221,801,0,162
2222,801,1,838
2223,802,0,765
2224,802,1,193
2225,802,2,42
2226,803,0,192
2227,803,1,608
2228,803,2,200
2229,804,0,488
2230,804,1,512
2231,805,0,734
2232,805,1,266
2233,806,0,601
2234,806,1,225
2235,806,2,174
2236,807,0,717
2237,807,1,155
2238,807,2,128
2239,808,0,763
2240,808,1,237
2241,809,0,333
2242,809,1,667
2243,810,0,149
2244,810,1,387
2245,810,2,464
2246,811,0,486
2247,811,1,55
2248,811,2,70
2249,811,3,10
2250,811,4,379
2251,812,0,81
2252,812,1,919
2253,813,0,777
2254,813,1,163
2255,813,2,60
2256,814,0,378
2257,814,1,622
2258,815,0,40
2259,815,1,137
2260,815,2,600
2261,815,3,223
2262,816,0,587
2263,816,1,104
2264,816,2,309
2265,817,0,935
2266,817,1,65
2267,818,0,40
2268,818,1,960
2269,819,0,648
2270,819,1,352
